a,b,c,c,c,c,c,c,c,c,c,c,c,c,c,c,c,c,c,a,a,a,a,a,a,a,a,c,c,c,c,c,c,a,c,c,c,a,a,c,c,c,c,c,c,c,c,c,c,c,c,c,c,c,c,c,c,a,a,a,a,a,a,a,a,a,a,c,c,c,c,c,c,c,c,c,c,c,c,c,c,c,c,c,c,c,c,c,c,c,c,c,c,c,c,c,c,c,a,a,a,a,a,a,c,c,c,c,c,c,c,c,c,c,c,c,c,c,c,c,c,c,c,c,c,c,c,c,c,c,c,c,c,c,c,c,c,c,a,a,a,a,a
a,b,c,c,c,c,c,c,c,c,c,c,c,c,c,c,c,c,c,c,a,a,a,a,a,c,c,c,c,c,c,c,a,a,a,a,a,a,a,c,c,c,c,c,c,c,c,c,c,c,a,a,c,c,a,a,a,a,a,a,a,a,a,a,a,a,a,c,c,c,c,c,c,c,c,c,c,c,c,c,c,c,c,c,c,c,c,c,c,c,c,c,c,c,c,c,c,c,c,a,a,a,a,a,c,c,c,c,c,c,c,c,c,c,c,c,c,c,c,c,c,c,c,c,c,c,c,c,c,c,c,c,c,c,c,c,c,a,a,a,a,a,a
a,b,c,c,c,c,c,c,c,c,c,c,c,c,a,a,c,c,c,c,a,a,a,a,a,a,c,c,c,c,c,c,c,a,a,a,a,a,a,a,a,c,c,c,c,c,c,a,c,a,a,a,c,c,a,a,a,a,a,a,a,a,a,a,a,a,a,a,a,c,c,c,c,c,c,c,c,c,c,c,c,c,c,c,c,c,c,a,a,a,c,c,c,c,c,c,c,a,a,a,a,a,a,a,c,c,c,c,c,c,c,c,c,c,c,c,c,c,c,c,a,a,a,c,c,c,c,c,c,c,c,c,c,c,c,c,c,a,a,a,a,a,a
a,b,c,c,c,c,c,c,c,c,a,c,c,c,a,a,c,c,c,c,a,a,a,a,a,a,c,c,c,c,c,c,c,a,a,a,a,a,a,a,a,a,c,c,c,c,a,a,a,a,a,a,a,a,a,c,a,a,a,a,a,a,a,a,a,a,a,a,a,c,c,c,c,c,c,c,c,c,c,c,c,c,c,c,c,c,c,c,a,a,c,c,c,c,c,c,c,a,a,a,a,a,a,a,a,c,c,c,c,c,c,c,c,c,c,c,c,c,c,c,a,a,a,c,c,c,c,c,c,c,c,c,c,c,c,c,c,a,c,c,a,a,a
a,b,a,a,c,c,c,c,c,a,a,a,a,a,a,a,c,c,c,c,a,a,a,c,c,a,c,c,c,c,c,c,c,a,a,a,a,a,a,a,a,a,c,c,c,c,a,a,a,a,a,a,a,a,c,c,c,c,a,a,a,a,a,a,a,a,a,a,a,c,c,c,c,c,c,c,c,c,c,c,c,c,c,c,c,a,a,c,a,a,a,a,a,c,c,c,c,a,a,a,a,a,a,a,a,c,c,c,c,c,c,c,c,c,c,c,c,c,c,c,a,a,a,c,c,c,c,c,c,c,c,c,c,c,c,c,c,c,c,c,a,a,a
a,b,a,a,c,c,c,c,c,c,a,a,a,a,a,a,a,a,c,c,c,c,c,c,c,c,c,c,c,c,c,c,c,a,a,a,a,a,a,a,a,c,c,c,c,c,c,a,a,a,a,a,a,c,c,c,c,c,a,a,a,a,c,a,a,a,a,c,c,c,c,c,c,c,c,c,c,c,c,c,c,c,c,c,c,a,a,a,a,a,a,a,a,c,c,c,c,c,c,a,a,a,c,a,c,c,c,c,c,c,c,c,c,c,c,c,c,c,c,c,a,a,a,k,c,c,a,a,a,c,c,c,c,c,c,c,c,c,c,c,c,a,a
a,b,a,a,a,c,c,c,c,c,a,a,a,a,a,a,a,a,a,c,c,c,c,c,c,c,c,c,c,c,c,c,c,a,a,a,a,a,a,a,c,c,c,c,c,c,c,a,a,a,a,a,c,c,c,c,c,c,a,a,a,c,c,a,a,a,a,c,c,c,c,c,c,c,c,c,c,c,c,a,a,c,a,c,c,c,a,a,a,a,a,c,c,c,c,c,c,c,c,a,a,a,c,c,c,c,c,c,c,c,c,c,c,c,c,a,c,a,c,c,k,k,k,k,k,k,k,a,a,c,c,c,c,c,c,c,c,c,c,c,c,c,c
a,b,a,a,a,c,c,c,c,c,a,a,a,a,a,a,a,a,a,c,c,c,c,c,c,c,c,c,c,c,c,c,c,a,c,c,a,a,a,a,a,c,c,c,c,c,c,a,a,a,a,a,a,c,c,c,c,c,a,a,a,c,a,a,a,c,c,c,c,c,c,c,c,c,c,c,c,c,c,a,a,a,a,c,c,c,c,a,a,a,a,a,c,c,c,c,c,c,c,c,c,c,c,c,c,c,c,c,c,c,c,c,c,c,c,a,a,a,a,k,k,k,k,k,k,k,k,k,a,c,c,c,a,a,a,c,c,a,c,c,c,c,c
a,b,a,c,a,c,c,c,c,c,a,a,a,a,a,a,a,c,c,c,c,c,c,c,c,c,c,c,c,c,c,c,c,c,c,c,c,a,a,a,a,a,a,a,c,c,c,c,c,c,a,a,c,c,c,c,c,c,a,a,a,a,a,a,a,a,c,c,c,c,c,c,c,c,c,c,c,c,a,a,a,a,a,c,c,c,a,a,a,c,a,a,c,c,c,c,c,c,c,c,c,c,c,c,c,c,c,c,c,c,c,c,c,c,c,a,a,j,k,k,k,k,p,p,k,k,k,k,c,c,c,c,a,a,a,a,a,a,c,c,c,c,c
a,b,a,c,c,c,c,c,c,c,a,a,a,a,a,a,a,c,c,c,c,c,c,c,c,c,c,c,c,c,c,c,c,c,c,c,a,a,a,a,a,a,a,a,c,c,c,c,c,c,c,c,c,c,c,c,c,c,c,c,a,a,a,a,a,a,c,c,c,c,c,c,c,c,c,c,c,c,a,a,a,a,a,a,c,c,c,a,a,c,c,c,c,c,c,c,c,c,c,c,c,c,c,c,c,c,c,c,c,c,c,c,c,c,c,c,j,j,k,k,o,o,p,p,p,p,k,l,l,c,c,c,c,a,a,a,a,a,c,c,c,c,c
a,b,c,c,c,c,c,c,c,c,a,c,c,a,a,a,c,c,c,c,c,c,c,c,c,c,c,c,c,c,c,c,c,c,c,c,a,a,a,a,a,a,a,a,c,c,c,c,c,c,c,c,c,c,c,c,c,c,c,c,c,a,a,a,a,a,c,c,c,c,c,c,c,c,c,c,c,c,a,c,a,a,a,a,c,c,c,c,c,c,c,c,c,c,c,c,c,c,c,c,c,c,c,c,c,c,c,c,c,c,c,c,c,j,j,j,j,j,j,o,o,o,p,p,p,p,k,l,l,l,c,a,c,a,a,a,a,a,c,c,c,c,c
a,b,c,c,c,a,a,c,c,c,c,c,c,c,a,a,a,c,c,c,c,c,c,c,c,c,c,c,c,c,c,c,c,c,c,c,a,a,a,a,a,a,a,c,c,c,c,c,c,c,c,c,c,c,c,c,c,c,c,c,a,a,a,a,a,c,c,c,c,c,c,c,c,c,c,c,c,c,c,c,a,a,c,a,c,c,c,c,c,c,c,c,c,c,c,c,c,c,c,c,c,c,c,c,c,c,c,c,c,c,j,j,j,j,j,j,j,j,o,o,o,o,p,u,p,p,p,l,l,l,c,c,c,c,c,a,a,a,a,c,c,c,c
a,b,c,c,c,a,a,c,c,c,c,c,c,c,c,c,c,c,c,c,c,c,c,c,a,a,a,c,c,c,c,c,c,c,c,c,c,c,a,a,a,a,a,a,c,c,c,c,c,c,a,a,a,a,a,c,c,c,c,c,a,a,a,a,a,c,c,c,c,c,c,c,c,c,c,c,c,a,a,a,c,a,a,a,c,c,c,c,c,a,a,a,c,c,c,c,c,c,c,c,c,c,c,c,c,c,c,c,i,j,j,j,j,j,j,j,j,o,o,o,u,u,u,u,u,p,p,l,l,l,l,c,c,c,c,c,a,a,a,c,c,c,c
a,b,a,a,a,a,a,a,a,a,c,c,c,c,c,c,c,c,c,c,c,c,c,c,a,a,a,a,c,c,c,c,c,c,c,c,c,c,a,a,c,a,a,a,c,c,c,c,c,c,a,a,a,a,a,c,c,c,c,c,c,c,c,c,c,c,c,c,c,c,c,c,c,c,c,c,c,a,a,a,a,a,a,a,c,c,c,c,c,a,a,a,c,a,c,c,c,c,c,c,c,c,c,c,c,c,c,c,i,i,j,j,o,o,o,o,o,o,o,o,u,u,u,u,u,p,p,p,l,l,l,l,l,c,c,c,c,a,c,c,c,c,c
a,b,a,a,a,a,a,a,a,a,c,c,c,c,c,c,c,c,c,c,c,c,c,c,a,a,a,a,c,c,c,c,c,c,c,c,c,c,a,a,c,c,c,c,c,c,c,c,c,a,a,a,a,a,a,c,c,c,c,c,c,c,c,c,c,c,c,c,c,c,c,c,c,c,c,c,c,c,a,a,a,a,a,a,c,c,c,a,a,a,a,a,a,a,a,c,c,c,c,c,c,c,c,c,c,c,c,i,i,i,q,q,o,o,o,o,o,o,o,u,u,u,x,u,u,u,p,p,p,l,l,l,l,l,c,c,c,c,c,c,c,c,c
a,b,c,c,a,a,a,a,c,c,c,c,c,c,c,c,c,c,c,c,c,c,c,c,a,a,a,c,c,c,c,c,c,c,c,c,c,c,c,c,c,c,c,c,c,c,c,c,c,a,a,a,a,a,a,c,c,c,c,c,c,c,c,c,c,c,c,c,c,c,c,c,c,c,c,c,c,c,a,a,a,a,a,a,a,c,c,a,a,a,a,a,a,a,a,c,c,c,c,c,c,c,c,c,c,c,c,i,i,i,q,q,q,q,t,t,t,u,u,u,u,x,x,x,u,u,p,p,p,q,q,l,l,l,l,m,c,c,c,c,c,c,c
a,b,c,a,a,a,a,a,c,c,c,a,a,a,c,c,c,c,c,c,c,c,c,c,c,c,c,c,c,c,c,c,c,c,c,c,c,c,a,c,c,c,c,c,c,c,c,c,c,a,a,a,a,a,a,c,c,c,c,c,c,c,c,c,c,c,c,c,c,c,c,c,c,c,c,c,a,a,a,a,a,a,a,a,a,a,c,c,a,a,a,a,a,a,c,c,c,c,c,c,c,c,c,c,c,c,c,i,i,i,q,q,q,t,t,t,t,t,u,u,u,x,x,x,u,u,v,p,q,q,q,q,m,m,m,m,c,c,c,c,c,c,c
a,b,c,a,a,c,a,a,a,c,c,a,a,a,c,a,a,c,c,c,c,c,c,c,c,c,c,c,c,c,c,c,c,c,c,c,c,a,a,a,a,c,a,a,a,c,c,c,c,c,c,a,a,c,c,c,a,a,a,a,a,c,c,c,c,c,c,c,c,c,c,c,c,c,c,c,a,a,a,a,a,a,a,a,a,a,c,c,c,a,a,a,a,a,c,c,c,a,a,a,c,c,c,c,c,c,c,i,i,i,q,q,t,t,t,t,x,x,x,x,x,x,x,y,u,v,v,v,v,q,q,q,q,m,m,m,m,c,c,c,c,c,c
a,b,c,a,c,c,c,a,a,c,c,a,a,a,a,a,a,c,c,c,c,c,c,c,c,c,c,c,c,c,c,c,c,c,c,c,c,a,a,a,a,a,a,a,a,c,c,c,c,c,c,c,c,c,c,c,a,a,a,a,a,c,c,c,c,c,c,c,c,c,c,c,c,c,c,c,a,a,a,c,a,a,a,c,c,c,c,c,a,a,a,a,a,a,c,c,a,a,a,a,c,c,c,c,c,a,a,i,i,i,q,q,t,t,t,x,x,x,x,x,x,x,x,y,y,v,v,v,v,v,v,q,q,q,m,m,m,d,d,d,c,c,c
a,b,c,c,c,c,c,c,c,a,a,a,a,a,a,a,c,c,c,c,c,c,c,c,c,c,c,c,c,c,c,c,c,c,c,c,c,c,a,a,a,a,a,a,a,a,a,c,c,c,c,c,c,c,c,c,a,a,a,a,a,a,c,c,c,c,c,c,c,c,c,c,c,c,c,c,c,c,c,c,a,a,a,c,c,c,c,c,c,a,a,c,c,c,c,c,a,a,a,a,c,c,c,a,a,a,a,i,i,i,q,q,q,t,t,x,x,x,x,x,x,x,y,y,y,y,y,y,v,v,v,q,q,q,m,m,m,d,d,d,c,c,c
S,b,c,c,c,c,c,c,c,c,a,a,a,a,a,c,c,c,c,c,c,c,c,a,a,c,a,a,c,c,c,c,c,c,c,c,a,a,a,a,a,a,a,a,a,a,c,c,c,c,c,c,c,c,c,c,a,a,a,a,a,a,c,c,c,c,c,c,c,c,c,c,c,c,a,a,a,c,c,c,a,a,c,c,c,c,c,c,c,c,c,c,c,c,c,c,a,a,a,a,c,c,c,a,a,a,a,a,i,i,i,q,q,t,t,t,x,x,x,x,E,z,z,y,y,y,y,v,v,v,v,q,q,q,m,m,m,d,d,d,c,c,c
a,b,a,c,c,c,c,c,c,c,c,a,a,a,a,a,c,c,c,c,c,c,c,a,a,a,a,a,c,c,c,c,c,c,c,a,a,a,a,a,a,a,a,a,a,a,c,c,c,c,c,c,c,c,c,c,a,a,a,a,a,a,c,c,c,c,c,c,c,c,c,c,a,a,a,a,a,a,c,c,c,c,c,c,c,c,c,c,c,c,c,c,c,c,c,c,c,c,c,c,c,c,c,a,a,a,a,a,i,i,i,q,q,q,t,t,t,x,x,x,y,y,y,y,y,y,v,v,v,v,q,q,q,m,m,m,d,d,d,c,c,c,c
a,b,a,a,c,c,c,c,c,c,c,a,a,c,a,a,a,c,c,c,c,c,c,a,a,a,a,a,a,c,c,c,c,c,c,c,a,a,a,a,a,a,a,a,a,a,c,c,c,c,c,c,c,c,c,c,c,c,a,a,a,c,c,c,c,c,c,c,c,c,c,c,a,a,a,a,a,a,c,c,c,c,c,c,c,c,c,c,c,c,c,c,c,c,c,c,c,c,c,c,c,c,c,c,a,a,a,a,h,h,h,q,q,q,q,t,t,x,x,y,y,y,y,y,y,v,v,v,v,q,q,q,m,m,m,d,d,d,d,c,c,c,c
a,b,a,c,c,c,c,c,c,c,c,a,a,c,c,c,c,c,c,c,c,c,c,a,a,a,a,a,a,c,c,c,a,a,c,a,a,c,c,a,a,a,a,a,a,a,a,a,c,c,c,c,c,c,c,c,c,c,c,c,c,c,c,c,c,c,c,c,c,c,c,c,a,a,a,a,a,a,c,c,c,c,c,c,c,c,c,c,c,c,c,c,c,c,c,c,c,c,c,c,c,c,c,c,a,a,a,a,c,h,h,h,q,q,t,t,t,x,w,y,y,y,y,y,y,w,v,r,q,q,q,m,m,m,m,d,d,d,c,c,c,c,c
a,b,a,a,a,c,c,c,c,c,c,c,c,c,c,c,c,c,c,c,c,c,c,a,a,a,a,a,a,c,c,c,a,a,a,a,a,c,c,a,a,a,a,a,c,a,a,a,c,c,c,c,c,c,c,c,c,c,c,c,c,c,c,c,c,c,c,c,c,c,c,c,a,a,a,a,a,c,c,c,c,a,a,a,a,c,c,c,c,a,a,a,c,c,c,c,c,c,c,c,c,c,c,c,c,c,c,c,c,h,h,h,p,p,t,t,w,w,w,y,w,w,y,y,y,w,w,r,r,r,n,m,m,m,d,d,d,c,c,c,c,c,c
a,b,a,a,a,c,c,c,c,c,c,c,c,c,c,c,c,c,c,c,c,c,c,c,c,a,a,a,c,c,c,c,a,a,a,a,a,a,c,a,a,a,a,a,a,a,a,a,c,c,c,c,c,c,c,c,a,a,a,c,c,c,c,c,c,c,c,c,c,c,c,c,a,a,a,a,a,c,c,c,c,a,a,a,a,c,c,c,c,a,a,a,c,c,c,c,c,c,c,c,c,c,c,c,c,c,c,c,c,h,h,p,p,p,s,s,w,w,w,w,w,w,w,w,y,w,w,r,r,r,n,n,n,d,d,d,c,c,c,c,c,c,c
a,b,a,a,a,c,c,c,c,c,c,c,c,c,c,c,c,c,c,c,c,c,c,c,c,c,c,c,c,c,c,c,a,a,a,a,a,a,c,c,c,a,a,a,a,a,a,c,c,c,c,c,c,c,c,c,a,a,a,a,a,c,c,c,c,c,a,a,c,c,c,c,c,c,c,c,c,c,c,c,c,a,a,a,a,c,a,a,a,a,a,a,a,a,c,c,c,c,c,c,c,c,c,c,c,c,c,c,c,h,h,p,p,p,s,s,w,w,w,w,s,s,w,w,w,w,w,r,r,r,n,n,e,e,d,d,c,c,c,c,c,c,c
a,b,a,c,c,c,c,c,c,c,c,a,a,a,a,c,c,c,c,c,c,c,c,c,c,c,c,c,c,c,c,c,a,a,a,a,a,a,c,c,c,c,a,a,a,a,a,a,a,a,c,c,c,c,c,a,a,a,a,a,a,c,c,a,a,c,a,a,a,c,c,c,c,c,c,c,c,c,c,c,c,c,a,a,c,c,a,a,a,a,a,a,a,a,c,c,c,c,c,c,c,c,c,c,c,c,c,c,c,h,h,p,p,p,s,s,s,s,s,s,s,s,r,w,w,w,w,r,r,r,n,n,e,e,e,c,a,a,c,c,c,c,c
a,b,a,c,c,c,c,c,c,c,c,a,a,a,a,c,c,c,c,c,c,c,c,c,c,c,c,c,c,c,c,c,c,c,a,a,a,c,c,c,c,a,a,a,a,a,a,a,a,a,c,c,c,c,c,a,a,a,a,a,a,c,c,a,a,a,a,a,c,c,c,c,c,c,c,c,c,c,c,c,c,c,c,c,c,c,c,c,a,a,a,a,a,c,c,c,c,c,c,c,c,c,c,c,c,c,c,c,c,h,h,p,p,p,s,s,s,s,s,s,s,s,r,r,r,w,r,r,r,n,n,n,e,e,e,a,a,a,c,c,c,c,c
a,b,c,c,c,c,c,c,c,c,c,a,a,a,a,c,c,c,c,c,c,c,c,c,c,c,c,c,c,c,c,c,c,c,c,c,c,c,c,c,a,a,a,a,a,a,a,a,a,a,c,c,c,c,c,c,a,a,a,a,a,c,c,c,a,a,a,a,a,a,c,c,c,c,c,c,c,c,c,c,c,c,c,c,c,c,c,a,a,a,a,a,a,c,c,c,c,c,c,c,c,c,c,c,c,c,c,c,c,h,h,p,p,p,p,p,s,s,s,o,o,o,r,r,r,r,r,r,r,n,n,n,e,e,e,a,a,a,c,c,c,c,c
a,b,c,c,c,c,c,c,c,c,c,a,a,a,c,c,c,c,c,c,c,c,c,c,c,c,c,c,c,c,c,c,c,c,c,c,c,c,c,c,a,a,a,c,a,a,a,c,c,c,c,c,c,c,c,c,a,a,c,a,a,c,a,a,a,a,a,a,a,a,c,c,c,c,c,c,c,c,c,c,c,c,c,c,c,c,c,a,a,a,a,a,a,c,a,a,c,c,c,c,c,c,c,c,c,c,c,c,c,h,h,h,p,p,p,p,p,p,o,o,o,o,o,o,r,r,r,r,n,n,n,e,e,e,a,a,a,a,a,c,c,c,c
a,b,c,c,c,c,c,c,c,c,c,c,c,c,c,c,c,c,c,c,c,c,c,c,c,c,c,c,c,c,c,c,c,c,c,c,c,c,c,c,c,c,c,c,a,a,a,c,c,a,a,a,a,c,c,c,c,c,c,c,c,c,a,a,a,a,a,c,a,a,c,c,c,c,a,a,c,c,c,c,c,c,c,c,c,a,c,a,a,a,a,a,a,c,a,a,c,c,c,c,c,c,c,c,c,c,c,c,c,h,h,h,g,p,p,p,p,p,o,o,o,o,o,o,o,o,n,n,n,n,n,e,e,e,a,a,a,a,a,c,c,c,c
a,b,c,c,c,c,c,c,c,a,a,c,c,c,c,c,c,c,c,c,c,c,c,c,c,c,c,c,c,c,c,c,c,c,c,c,c,c,c,c,c,c,c,c,a,a,a,c,a,a,a,a,a,c,c,c,c,c,c,c,c,c,c,a,c,a,a,a,c,c,c,c,c,c,a,a,c,c,c,c,c,c,c,c,c,a,a,c,a,a,a,a,a,a,a,a,a,a,a,c,c,c,c,c,a,a,c,c,c,c,g,g,g,g,g,g,g,g,g,g,g,f,o,o,o,o,o,n,n,n,e,e,e,e,a,a,a,a,a,c,c,c,c
a,b,c,c,c,c,c,c,c,a,a,a,c,a,a,c,c,c,c,c,c,c,c,c,c,c,c,a,a,c,c,c,c,c,c,c,c,c,c,c,c,c,c,c,c,c,c,c,a,a,a,a,a,a,c,c,c,c,a,a,c,c,c,c,c,a,a,a,c,c,c,a,a,a,a,a,a,a,a,c,c,c,c,c,c,a,a,a,a,a,c,a,a,a,a,a,a,a,a,c,c,c,c,a,a,a,c,c,c,c,c,g,g,g,g,g,g,g,g,g,g,f,f,f,o,o,o,n,n,e,e,e,e,c,a,a,a,c,c,c,c,c,c
a,b,c,c,c,c,c,c,c,a,a,a,a,a,a,c,c,c,c,a,a,c,c,c,c,c,a,a,a,c,c,c,c,c,c,c,c,c,c,c,c,c,c,c,c,c,c,c,a,a,a,a,a,a,c,c,c,c,a,a,a,c,c,c,c,c,c,c,c,c,c,a,a,a,a,a,a,a,a,c,c,c,c,c,c,c,a,a,a,a,a,c,c,a,a,a,a,c,c,c,c,a,a,a,a,a,a,a,a,c,c,c,g,g,g,g,g,g,g,g,f,f,f,f,f,f,f,f,f,e,e,e,e,c,a,a,c,c,c,c,c,c,c
a,b,c,c,c,c,c,a,a,a,a,a,a,a,c,c,a,a,a,a,a,c,a,a,a,a,a,a,a,c,c,c,c,c,c,c,c,c,c,c,c,c,c,c,c,c,c,c,a,a,a,a,a,c,c,c,c,c,a,a,a,a,c,c,c,a,a,c,c,c,c,c,c,a,a,a,a,c,c,c,c,c,c,c,a,a,a,a,a,a,a,a,c,a,a,a,a,a,c,c,c,a,a,a,a,a,a,a,a,c,c,c,c,c,c,c,c,c,c,a,a,a,f,f,f,f,f,f,f,f,e,c,c,c,c,c,c,c,c,c,c,c,c
a,b,c,a,a,a,c,a,a,a,a,a,a,a,c,c,c,a,a,a,a,a,a,a,a,a,a,a,a,a,a,a,c,c,c,c,c,c,c,c,c,c,c,c,c,c,c,c,c,c,a,a,a,c,c,c,c,c,a,a,a,a,c,a,a,a,a,c,a,a,c,c,c,a,a,a,a,a,c,c,c,c,c,c,a,a,a,a,a,a,a,a,a,a,a,a,a,a,c,c,c,c,a,a,a,a,a,a,c,c,c,c,c,c,c,c,c,c,c,a,a,a,c,a,a,f,f,f,f,f,c,c,c,c,c,c,c,c,c,c,a,a,a
a,b,a,a,a,a,c,c,c,a,a,a,a,a,a,c,c,a,a,a,a,a,c,a,a,a,a,a,a,a,a,a,c,c,c,c,c,c,c,c,c,c,c,c,a,a,a,c,c,c,c,c,c,c,c,c,c,c,a,a,a,a,a,a,a,a,a,c,a,a,c,c,a,a,a,c,a,a,c,c,c,c,c,c,c,c,c,a,a,c,c,c,a,a,c,c,a,a,c,c,c,c,a,a,a,a,a,a,c,c,c,c,c,c,c,c,c,c,a,a,a,a,c,c,a,a,a,c,c,c,c,c,c,c,c,c,c,c,c,c,a,a,a
a,b,a,a,a,a,c,c,c,a,a,c,a,a,a,c,a,a,a,a,a,c,c,c,a,a,a,a,a,a,a,c,c,c,c,c,c,c,c,c,c,c,c,c,a,a,a,a,c,c,c,c,c,c,c,c,c,a,a,a,a,a,a,a,a,a,a,a,a,a,c,c,a,a,c,c,c,a,c,c,c,c,c,c,c,c,c,a,a,c,c,c,c,c,c,c,c,c,c,c,c,c,a,a,a,a,a,a,c,c,c,c,c,c,c,c,c,c,a,a,a,c,c,c,c,c,c,c,c,c,c,c,c,c,c,c,c,c,c,c,a,a,a
a,b,c,a,a,a,c,c,c,a,a,c,c,c,c,c,c,c,a,a,a,c,c,a,a,a,a,a,a,c,c,c,c,c,c,c,c,c,c,c,c,c,c,c,a,a,a,a,c,c,c,c,c,c,a,a,a,a,a,a,a,a,a,a,a,a,a,a,a,a,a,a,c,c,c,c,c,c,c,c,c,c,c,c,c,c,c,c,c,c,c,c,c,c,c,c,c,c,c,c,c,c,a,a,c,c,a,a,c,c,c,c,c,c,c,c,c,c,a,a,a,c,c,c,c,c,c,c,c,c,c,c,c,c,c,c,c,a,a,a,a,a,a
a,b,c,c,c,c,c,c,c,c,c,c,c,c,c,c,c,c,c,c,c,c,c,a,a,a,a,a,a,a,c,c,c,c,c,c,c,c,c,c,c,c,c,c,a,a,a,c,c,c,c,c,c,c,a,a,a,a,a,a,a,a,a,a,a,a,a,a,a,a,a,a,c,c,c,c,c,c,c,c,c,c,c,c,c,c,c,c,c,c,c,c,c,c,c,c,c,c,c,c,c,c,c,c,c,c,c,c,c,c,c,c,c,c,c,c,c,c,c,c,c,c,c,c,c,c,c,c,c,c,c,c,c,c,c,c,c,a,a,a,a,a,a